{"_runtime": 0.073153169, "test": 1, "_timestamp": 1752987510.864133, "_step": 0}